{
    "AIS_BA_Hybrid": {
        "R2": -0.012215284004797322,
        "RMSE": 1.2125532415677152
    }
}