{
    "ALOA_BA_Hybrid": {
        "R2": 0.7799759932519545,
        "RMSE": 0.5653265813144318
    }
}