Actual,Predicted
100.0,100.0
98.15,98.24168421052624
100.0,99.99389473684211
100.0,100.0
99.99,99.98305263157887
99.24,99.5053684210527
96.47,97.5110526315789
97.48,95.9461052631579
100.0,100.0
100.0,100.0
100.0,100.0
