Actual,Predicted
100.0,100.0
98.15,98.20922222222222
100.0,99.9948888888889
100.0,100.0
99.99,99.98699999999994
99.24,99.55566666666672
96.47,97.42222222222219
97.48,95.7297777777778
100.0,100.0
100.0,100.0
100.0,100.0
