{
    "BA_ALOA_Hybrid": {
        "R2": 0.7450743461519465,
        "RMSE": 0.608514796052309
    }
}