{
    "BA_CSA_Hybrid": {
        "R2": 0.8123674114596033,
        "RMSE": 0.5220577011556579
    }
}