Actual,Predicted
100.0,99.71025877215865
98.15,98.55414591558994
100.0,99.71025877215865
100.0,99.71025877215865
99.99,99.71025877215865
99.24,99.71025877215865
96.47,97.6709167947108
97.48,96.71230652876535
100.0,99.71025877215865
100.0,99.71025877215865
100.0,99.71025877215865
