Actual,Predicted
100.0,100.0
98.15,98.10821428571428
100.0,99.9904761904762
100.0,100.0
99.99,99.9869047619047
99.24,99.55083333333334
96.47,97.44940476190474
97.48,95.89583333333334
100.0,100.0
100.0,100.0
100.0,100.0
