{
    "AIS_CSA_Hybrid": {
        "R2": 0.7767374186672311,
        "RMSE": 0.5694719568397356
    }
}