{
    "CSA_ALOA_Hybrid": {
        "R2": 0.8248622734878885,
        "RMSE": 0.5043757821276722
    }
}