Actual,Predicted
100.0,99.98276147034046
98.15,98.12335317460317
100.0,99.97936764093939
100.0,99.98276147034046
99.99,99.97996541770888
99.24,99.55736206915475
96.47,97.33806460595929
97.48,96.08667049568365
100.0,99.98276147034046
100.0,99.98276147034046
100.0,99.98276147034046
