Actual,Predicted
100.0,100.0
98.15,98.22634408602156
100.0,99.99569892473119
100.0,100.0
99.99,99.99048387096776
99.24,99.54688172043014
96.47,97.37720430107525
97.48,96.07698924731183
100.0,100.0
100.0,100.0
100.0,100.0
