{
    "GOA_ALOA_Hybrid": {
        "R2": 0.8190331117883082,
        "RMSE": 0.5127007242607337
    }
}