{
    "RandomForest": {
        "R2": 0.853734129662093,
        "RMSE": 0.46093095100125675
    },
    "LinearRegression": {
        "R2": 0.9999960843105178,
        "RMSE": 0.0023848907761877328
    },
    "SVR": {
        "R2": 0.24265486352389776,
        "RMSE": 1.048844951310813
    }
}