Actual,Predicted
100.0,99.60357531717167
98.15,99.04410685077109
100.0,99.60357531717167
100.0,99.60357531717167
99.99,99.60357531717167
99.24,99.54935551053602
96.47,97.67415549706001
97.48,97.40030452463839
100.0,99.60357531717167
100.0,99.60357531717167
100.0,99.60357531717167
