{
    "AIS_PSO_Hybrid": {
        "R2": 0.7844713499671169,
        "RMSE": 0.5595216246385628
    }
}