Actual,Predicted
100.0,100.0
98.15,98.22839999999995
100.0,100.0
100.0,100.0
99.99,99.98719999999996
99.24,99.53279999999997
96.47,97.3848
97.48,95.0352
100.0,100.0
100.0,100.0
100.0,100.0
