{
    "PSO_ALOA_Hybrid": {
        "R2": 0.5677927126906608,
        "RMSE": 0.7923378709983386
    }
}