{
    "PSO_ALOA_Hybrid": {
        "R2": 0.8213745465345417,
        "RMSE": 0.5093731441684032
    }
}