Actual,Predicted
100.0,100.0
98.15,98.036
100.0,100.0
100.0,100.0
99.99,99.989
99.24,99.59700000000001
96.47,97.89
97.48,96.64499999999998
100.0,100.0
100.0,100.0
100.0,100.0
