{
    "PSO_CSA_Hybrid": {
        "R2": 0.8536064961048789,
        "RMSE": 0.46113201440842577
    }
}