Actual,Predicted
100.0,99.52846220249674
98.15,98.88713465620044
100.0,99.52846220249674
100.0,99.52846220249674
99.99,99.52846220249674
99.24,99.52846220249674
96.47,96.86034100540678
97.48,97.59411192892772
100.0,99.52846220249674
100.0,99.52846220249674
100.0,99.52846220249674
