{
    "ALOA_AIS_Hybrid": {
        "R2": 0.05771671893561692,
        "RMSE": 1.16991716878512
    }
}