Actual,Predicted
100.0,100.0
98.15,98.08
100.0,100.0
100.0,100.0
99.99,99.983
99.24,99.60499999999999
96.47,97.547
97.48,97.04299999999998
100.0,100.0
100.0,100.0
100.0,100.0
