Actual,Predicted
100.0,100.0
98.15,98.15
100.0,100.0
100.0,100.0
99.99,99.998
99.24,99.588
96.47,95.75600000000001
97.48,93.68199999999999
100.0,100.0
100.0,100.0
100.0,100.0
