{
    "ALOA_AIS_Hybrid": {
        "R2": 0.9068046445786685,
        "RMSE": 0.36792687020409814
    }
}