{
    "ALOA_WOA_Hybrid": {
        "R2": 0.8255466190625299,
        "RMSE": 0.5033894007678517
    }
}