Actual,Predicted
100.0,100.0
98.15,98.22145454545453
100.0,99.99918181818181
100.0,100.0
99.99,99.98645454545452
99.24,99.58800000000011
96.47,97.27218181818179
97.48,96.05954545454544
100.0,100.0
100.0,100.0
100.0,100.0
